Award;Winner;Player
Stanley Cup;Rinkeby Runners;
Runner Up;Bangkok Ladyboys;
President's Trophy;Rinkeby Runners;
True President's Trophy;Ömalm Golden Bananas;
Fake President's Trophy;Rinkeby Runners;
Clarence S. Campbell;Rinkeby Runners;
Prince of Wales;Bangkok Ladyboys;
Orange Lantern;Warszawa White Russians;
Conn Smythe;Hagaström Hellraisers;Connor McDavid
Norris;Ömalm Golden Bananas
The King is Dead!;Carry Over;
Chasing the Cup! ;Bangkok Ladyboys;
Bitter Looser or Righteous Winner!;Rinkeby Runners;
Fantalytic's Frenzy;Hagaström Hellraisers;