Team;Wan Chai Oysters;Tuna Tacos;Ömalm Golden Bananas;Taipei 101's;Rinkeby Runners;Bönan Bonebreakers;Gävle Raiders;Valhalla Valkyries;Bangkok Ladyboys;Tessin Bourbons;Hagaström Hellraisers;Västermalm Frogs
Tuna Tacos;3;1;2;1;2;3;5;1;4;4;12;8
Taipei 101's;9;8;9;2;3;2;2;2;10;5;5;5
Valhalla Valkyries;1;4;6;7;1;8;4;6;9;2;9;7
Bönan Bonebreakers;4;3;10;3;5;1;12;7;1;3;10;6
Tessin Bourbons;7;9;4;8;8;5;6;5;5;1;4;4
Ömalm Golden Bananas;8;2;1;6;7;4;7;3;3;7;11;12
Wan Chai Oysters;5;7;3;4;10;7;3;4;2;10;6;10
Bangkok Ladyboys;11;5;8;5;11;10;1;8;8;6;8;3
Gävle Raiders;2;10;5;9;9;12;11;9;6;9;3;2
Västermalm Frogs;6;12;7;10;6;6;10;10;12;11;1;1
Rinkeby Runners;10;11;11;11;4;9;9;11;7;8;2;11
Hagaström Hellraisers;12;6;12;12;12;11;8;12;11;12;7;9
