SEASON_KEY;FANTRAX_LEAGUE_ID;WEEKS_IN_SEASON;FANTRAX_PLAYER_STATS_SEASON_OR_PROJECTION;FIRST_WEEK;VEGAS_EXCLUDE_WEEK;WRITE_ARCHIVED_JSONS;PUBLISH_TO_CLOUDFLARE_KV
2013-2014;;;;;;1;0
2014-2015;;;;;;1;0
2015-2016;;;;;;1;0
2016-2017;;;;;;1;0
2017-2018;;;;;;1;0
2018-2019;;;;;;1;0
2019-2020;;;;;;1;0
2020-2021;;;;;;1;0
2021-2022;;;;;;1;0
2022-2023;0n9owgp0l6quukos;21;SEASON_31f_BY_PERIOD;1;17;1;0
2023-2024;itrao7gilk3ove6p;20;SEASON_31h_BY_PERIOD;1;1;1;0
2024-2025;c71ru375lvndxtfa;21;SEASON_31j_BY_PERIOD;2;20;1;0
2025-2026;96fca2u1mdgf4c4z;20;SEASON_31l_BY_PERIOD;1;18;1;0