GM;team_name
ÖGB;Barbeque Steamers
TACO;Brussels Belgian Blues
GREVE;Multiple Scorgasms
OYST;Wan Chai Oysters
RAID;Gävle Raiders
WARS;Warszawa White Russians
WARS;Tessin Bourbons
101S;Taipei 101s
101S;Taipei 101's
ÖGB;Södermalm Hipsters
BBB;Bönan Bonebreakers
TACO;Tellus Tacos
FROGS;Frescati Frogs
ÖGB;Mosebacke Mooseheads
LADY;Bangkok Ladyboys
RUN;Birkastan Babysitters
VALK;Valhalla Valkyries
TACO;Tuna Tacos
031N;031 Nörrebro
RUN;Rinkeby Runners
FROGS;Essingen Frogs
ÖGB;Östermalm Golden Bananas
ÖGB;Ömalm Golden Bananas
FROGS;Västermalm Frogs
HELL;Hagaström Hellraisers