"Player ID","Round","Pick","Ov Pick","Pos","Player","Team","Fantasy Team","Time (CEST)"
"*04o0h*",0,0,999,"F","Dylan Guenther","","Ömalm Golden Bananas","Oct 4, 2025 6:11:47"
"*051wf*",0,0,999,"G","Dustin Wolf","","Bönan Bonebreakers","Oct 4, 2025 6:11:47"
"*04qyd*",0,0,999,"G","Justus Annunen","","Bangkok Ladyboys","Oct 4, 2025 6:11:47"
"*03jw0*",0,0,999,"G","Joey Daccord","","Hagaström Hellraisers","Oct 4, 2025 6:11:47"
"*05w9c*",0,0,999,"F","Mack Celebrini","","Rinkeby Runners","Oct 4, 2025 6:11:47"
"*04qy5*",0,0,999,"F","Kirill Marchenko","","Taipei 101's","Oct 4, 2025 6:11:47"
"*051m4*",0,0,999,"D","Jackson LaCombe","","Tessin Bourbons","Oct 4, 2025 6:11:47"
"*05ran*",0,0,999,"F","Matt Coronato","","Tuna Tacos","Oct 4, 2025 6:11:47"
"*05gvo*",0,0,999,"F","Matvei Michkov","","Valhalla Valkyries","Oct 4, 2025 6:11:47"
"*05ltj*",0,0,999,"D","Brock Faber","","Wan Chai Oysters","Oct 4, 2025 6:11:47"