Team;Wan Chai Oysters;Tuna Tacos;Ömalm Golden Bananas;Bönan Bonebreakers;Gävle Raiders;Valhalla Valkyries;Bangkok Ladyboys;Tessin Bourbons;Västermalm Frogs
Rinkeby Runners;2;1;1;11;6;5;5;12;2
Ömalm Golden Bananas;7;8;2;8;8;8;4;10;6
Tuna Tacos;12;5;9;5;10;12;8;5;12
Valhalla Valkyries;3;2;11;7;7;6;12;7;4
Taipei 101's;4;10;3;3;3;4;3;4;3
Wan Chai Oysters;6;4;5;2;5;2;2;6;11
Gävle Raiders;5;3;4;10;1;11;1;2;5
Västermalm Frogs;1;7;10;6;2;3;7;1;1
Bönan Bonebreakers;9;6;7;1;9;9;9;11;8
Tessin Bourbons;11;9;6;4;11;10;6;3;10
Bangkok Ladyboys;10;12;12;9;4;7;10;9;7
Hagaström Hellraisers;8;11;8;12;12;1;11;8;9